[{"model": "auth.user", "fields": {"password": "pbkdf2_sha256$20000$lfdrvgvWeJlM$KKq6sDTdQ8zoMGrgnYeP+6sP3MesyrqOAcxwabbp7cY=", "last_login": "2017-12-28T18:28:24.783Z", "is_superuser": true, "username": "mayramunguia", "first_name": "", "last_name": "", "email": "mayramunguia@caffenio.com", "is_staff": true, "is_active": true, "date_joined": "2017-11-09T00:16:46.188Z", "groups": [], "user_permissions": []}, "pk": 1}, {"model": "sessions.session", "fields": {"session_data": "M2MzMDY5MjdiOWY0NzhjNzE2NmU5MTI1MWY4NzI1OGFiYTJjOGM1ODp7ImNhcnQiOnsiMTkiOnsicXVhbnRpdHkiOjEsInByaWNlIjoiMTIuMDAifX19", "expire_date": "2017-12-28T18:45:58.829Z"}, "pk": "0nvgfxjkoatpm5dupnbd4ftlgfobhiya"}, {"model": "sessions.session", "fields": {"session_data": "MjYwOWU4MTBiZDZhNDhiZDFhMDkxOWNkN2IwYmYwMDI4MGM1NThkZTp7ImNhcnQiOnsiMjQiOnsicXVhbnRpdHkiOjEsInByaWNlIjoiMTIuMDAifX19", "expire_date": "2017-12-28T18:45:42.055Z"}, "pk": "16odab9phfpz0d0va6qratibjf8q5shj"}, {"model": "sessions.session", "fields": {"session_data": "YTllZmZlNmFhNjA4YjZjNDA1ZjJmMTE4MmQ0OWM0NjNjNzVjMGU5ZDp7ImNhcnQiOnt9fQ==", "expire_date": "2018-01-02T19:14:33.785Z"}, "pk": "2uwwti8xvwac7pst0g01bm8wjzsf2y82"}, {"model": "sessions.session", "fields": {"session_data": "YTllZmZlNmFhNjA4YjZjNDA1ZjJmMTE4MmQ0OWM0NjNjNzVjMGU5ZDp7ImNhcnQiOnt9fQ==", "expire_date": "2017-12-28T18:49:05.218Z"}, "pk": "38xpg4g2uirurww48gsm1zfe1srwcnnr"}, {"model": "sessions.session", "fields": {"session_data": "YTllZmZlNmFhNjA4YjZjNDA1ZjJmMTE4MmQ0OWM0NjNjNzVjMGU5ZDp7ImNhcnQiOnt9fQ==", "expire_date": "2017-12-29T15:25:57.485Z"}, "pk": "4lvxdoqb8w1pvoqqh1oaexov5j414lgn"}, {"model": "sessions.session", "fields": {"session_data": "YTllZmZlNmFhNjA4YjZjNDA1ZjJmMTE4MmQ0OWM0NjNjNzVjMGU5ZDp7ImNhcnQiOnt9fQ==", "expire_date": "2017-12-28T22:30:22.321Z"}, "pk": "4vkjdirw9xcsp9pjnn8so4f4fhgs9uc4"}, {"model": "sessions.session", "fields": {"session_data": "YTllZmZlNmFhNjA4YjZjNDA1ZjJmMTE4MmQ0OWM0NjNjNzVjMGU5ZDp7ImNhcnQiOnt9fQ==", "expire_date": "2017-12-28T19:03:49.569Z"}, "pk": "51qe2if4d890f784a2vt3jrvs2hzoipk"}, {"model": "sessions.session", "fields": {"session_data": "YTllZmZlNmFhNjA4YjZjNDA1ZjJmMTE4MmQ0OWM0NjNjNzVjMGU5ZDp7ImNhcnQiOnt9fQ==", "expire_date": "2018-01-04T15:16:36.668Z"}, "pk": "522xsq9n29zgkp2jvywj5qeqy9jnk2dt"}, {"model": "sessions.session", "fields": {"session_data": "YTllZmZlNmFhNjA4YjZjNDA1ZjJmMTE4MmQ0OWM0NjNjNzVjMGU5ZDp7ImNhcnQiOnt9fQ==", "expire_date": "2017-12-28T22:02:01.566Z"}, "pk": "53jdbou1twx7u4fet7fx9sd4ty7yuhs9"}, {"model": "sessions.session", "fields": {"session_data": "N2I2NWFiYWI2N2QwYWNmOGY5YWViMGM2YjIzNWYzOTNjYzZkYWM0MTp7ImNhcnQiOnsiMzAiOnsicXVhbnRpdHkiOjEsInByaWNlIjoiMzUuMDAifSwiMTkiOnsicXVhbnRpdHkiOjEsInByaWNlIjoiMTIuMDAifSwiMzUiOnsicXVhbnRpdHkiOjEsInByaWNlIjoiNS4wMCJ9fSwiX2F1dGhfdXNlcl9pZCI6IjEiLCJfYXV0aF91c2VyX2JhY2tlbmQiOiJkamFuZ28uY29udHJpYi5hdXRoLmJhY2tlbmRzLk1vZGVsQmFja2VuZCIsIl9hdXRoX3VzZXJfaGFzaCI6IjAwNjFjNTk5OWMzNjg1NDE2M2M5YWRmYjBjZTQ4ZDVhNTA5NDZjNjMifQ==", "expire_date": "2017-12-28T18:45:02.000Z"}, "pk": "5cwosgg09guucjhcv7s9so6nufj4ehbj"}, {"model": "sessions.session", "fields": {"session_data": "OGJkN2EwOGZiZDE4ZGY4NmI3MzYzZWY4NTJlZTExNWM0N2NiZDQ5ZTp7ImNhcnQiOnsiNyI6eyJxdWFudGl0eSI6MSwicHJpY2UiOiIyMC4wMCJ9fX0=", "expire_date": "2017-12-28T19:02:50.708Z"}, "pk": "5o7dnzdfvj8d30ic0yq25tkd3px3mi4c"}, {"model": "sessions.session", "fields": {"session_data": "YTllZmZlNmFhNjA4YjZjNDA1ZjJmMTE4MmQ0OWM0NjNjNzVjMGU5ZDp7ImNhcnQiOnt9fQ==", "expire_date": "2017-12-28T19:02:22.244Z"}, "pk": "5ropzi0b8n2ubodcioysv1c2h0m9qyyt"}, {"model": "sessions.session", "fields": {"session_data": "YWIzZTc0MjcxMGUwNmVhMDBjYWZkMWZhMmMxOGFjYzZmOThkMDJiODp7Il9hdXRoX3VzZXJfaWQiOiIxIiwiX2F1dGhfdXNlcl9iYWNrZW5kIjoiZGphbmdvLmNvbnRyaWIuYXV0aC5iYWNrZW5kcy5Nb2RlbEJhY2tlbmQiLCJfYXV0aF91c2VyX2hhc2giOiIwMDYxYzU5OTljMzY4NTQxNjNjOWFkZmIwY2U0OGQ1YTUwOTQ2YzYzIiwiY2FydCI6e319", "expire_date": "2018-01-11T16:25:11.839Z"}, "pk": "6ifhw86gldl63er5as1kxne9qa5hwglu"}, {"model": "sessions.session", "fields": {"session_data": "YTllZmZlNmFhNjA4YjZjNDA1ZjJmMTE4MmQ0OWM0NjNjNzVjMGU5ZDp7ImNhcnQiOnt9fQ==", "expire_date": "2017-12-28T22:43:01.296Z"}, "pk": "6kwr3m4vcypwr1hdo4fzrbdtpue1ibts"}, {"model": "sessions.session", "fields": {"session_data": "YTllZmZlNmFhNjA4YjZjNDA1ZjJmMTE4MmQ0OWM0NjNjNzVjMGU5ZDp7ImNhcnQiOnt9fQ==", "expire_date": "2018-01-03T16:38:32.477Z"}, "pk": "7ikhpoqdj8qqlt0xsrov3c2s3d9p9c3o"}, {"model": "sessions.session", "fields": {"session_data": "YTllZmZlNmFhNjA4YjZjNDA1ZjJmMTE4MmQ0OWM0NjNjNzVjMGU5ZDp7ImNhcnQiOnt9fQ==", "expire_date": "2017-12-28T19:15:53.703Z"}, "pk": "7wslih6wsas7q9ixj5qpqqfnn7gv32dq"}, {"model": "sessions.session", "fields": {"session_data": "YTllZmZlNmFhNjA4YjZjNDA1ZjJmMTE4MmQ0OWM0NjNjNzVjMGU5ZDp7ImNhcnQiOnt9fQ==", "expire_date": "2018-01-03T15:11:22.625Z"}, "pk": "80epcurtvpsse3vvj931otifqg45htxr"}, {"model": "sessions.session", "fields": {"session_data": "ODcwN2EzYWRhNjI4NDIzZmFmODk3Njc0NDBjMjNhMDE0MjA4ZGExMTp7Il9hdXRoX3VzZXJfaWQiOiIxIiwiX2F1dGhfdXNlcl9iYWNrZW5kIjoiZGphbmdvLmNvbnRyaWIuYXV0aC5iYWNrZW5kcy5Nb2RlbEJhY2tlbmQiLCJfYXV0aF91c2VyX2hhc2giOiIwMDYxYzU5OTljMzY4NTQxNjNjOWFkZmIwY2U0OGQ1YTUwOTQ2YzYzIiwiY2FydCI6eyI0Ijp7InF1YW50aXR5IjoyLCJwcmljZSI6IjI1LjAwIn19fQ==", "expire_date": "2017-12-02T17:36:04.684Z"}, "pk": "89iah6p940uy4mgkmran8now9kemop11"}, {"model": "sessions.session", "fields": {"session_data": "NjQ3Mjc2ODE4ODY4NDkzZmEyZjExZjdmNGZlYTE1ZTQ4ZDM4ZWUyMTp7ImNhcnQiOnsiMTciOnsicXVhbnRpdHkiOjQsInByaWNlIjoiMTIuMDAifSwiOCI6eyJxdWFudGl0eSI6MiwicHJpY2UiOiIzMC4wMCJ9LCIxMyI6eyJxdWFudGl0eSI6MSwicHJpY2UiOiIzMC4wMCJ9fX0=", "expire_date": "2018-01-04T00:56:06.524Z"}, "pk": "8cdovs3s8dymo2codcqc49cfdcuzjibx"}, {"model": "sessions.session", "fields": {"session_data": "NzQxYzlhZGZlYjUxYWI0NmRkNjczNzdjOGExZWZjMGQzNzI4ZjI3Nzp7Il9hdXRoX3VzZXJfaWQiOiIxIiwiX2F1dGhfdXNlcl9iYWNrZW5kIjoiZGphbmdvLmNvbnRyaWIuYXV0aC5iYWNrZW5kcy5Nb2RlbEJhY2tlbmQiLCJfYXV0aF91c2VyX2hhc2giOiIwMDYxYzU5OTljMzY4NTQxNjNjOWFkZmIwY2U0OGQ1YTUwOTQ2YzYzIiwiY2FydCI6eyIxNSI6eyJxdWFudGl0eSI6MiwicHJpY2UiOiIyNS4wMCJ9LCIxOSI6eyJxdWFudGl0eSI6MSwicHJpY2UiOiIxMi4wMCJ9LCIyMCI6eyJxdWFudGl0eSI6MiwicHJpY2UiOiIzNS4wMCJ9fX0=", "expire_date": "2018-01-11T17:15:49.354Z"}, "pk": "8d8ftlzlc1uzdnu61i3ubsxuclf11xc6"}, {"model": "sessions.session", "fields": {"session_data": "YTllZmZlNmFhNjA4YjZjNDA1ZjJmMTE4MmQ0OWM0NjNjNzVjMGU5ZDp7ImNhcnQiOnt9fQ==", "expire_date": "2017-12-21T22:58:25.028Z"}, "pk": "8g3pgjohvwdr8bv34mathrx418f9ukly"}, {"model": "sessions.session", "fields": {"session_data": "ZTA4ZDdiZmI0YzNmOTI2N2RiMTY0NTA3MTIyYmY3YTVhOWYzOTNjMzp7ImNhcnQiOnsiMSI6eyJxdWFudGl0eSI6MSwicHJpY2UiOiIxNS4wMCJ9fX0=", "expire_date": "2017-12-07T22:28:11.678Z"}, "pk": "9i2wjlksey9cgts5yw4qm95mzufb0zlh"}, {"model": "sessions.session", "fields": {"session_data": "YTllZmZlNmFhNjA4YjZjNDA1ZjJmMTE4MmQ0OWM0NjNjNzVjMGU5ZDp7ImNhcnQiOnt9fQ==", "expire_date": "2017-12-28T22:24:43.141Z"}, "pk": "ea03x6b6q1jcq8hhhsyneilh1eso18bu"}, {"model": "sessions.session", "fields": {"session_data": "ZjkwNmM3Y2NhY2VjYWFkZTAwZjNlMDRkNGM2NzQ0OWEwNDNiNThjYzp7ImNhcnQiOnsiOCI6eyJxdWFudGl0eSI6MSwicHJpY2UiOiIzMC4wMCJ9fX0=", "expire_date": "2017-12-28T00:11:57.242Z"}, "pk": "eco4jin13h203b26a8e5i7vcxk3yz3pd"}, {"model": "sessions.session", "fields": {"session_data": "NzkwM2JlMDY4MzdhN2NjMTYyNGRiNmFhYTAzOGUxMmUyYWZiYjYzNDp7ImNhcnQiOnsiMTMiOnsicXVhbnRpdHkiOjEsInByaWNlIjoiMjUuMDAifX19", "expire_date": "2017-12-28T20:06:57.131Z"}, "pk": "etal10bvp7v237hioeezglqequ4jt062"}, {"model": "sessions.session", "fields": {"session_data": "YTllZmZlNmFhNjA4YjZjNDA1ZjJmMTE4MmQ0OWM0NjNjNzVjMGU5ZDp7ImNhcnQiOnt9fQ==", "expire_date": "2017-12-28T20:14:34.074Z"}, "pk": "gr96yck4p642jhqx8dmyeiywvy4xou7g"}, {"model": "sessions.session", "fields": {"session_data": "YTllZmZlNmFhNjA4YjZjNDA1ZjJmMTE4MmQ0OWM0NjNjNzVjMGU5ZDp7ImNhcnQiOnt9fQ==", "expire_date": "2017-12-28T22:26:15.878Z"}, "pk": "gtop2r5f5c9bchp00b43pwz1bu4zwx4t"}, {"model": "sessions.session", "fields": {"session_data": "MGFmNWRiNGQyMmYwZDcxOTRjZmJkMjk2NmYxODdmMmJjZThlOThmNTp7ImNhcnQiOnsiMzAiOnsicXVhbnRpdHkiOjEsInByaWNlIjoiMzUuMDAifX19", "expire_date": "2017-12-28T19:17:40.853Z"}, "pk": "h32fuzjt8pzhha8813jxxpjk2iuaf4za"}, {"model": "sessions.session", "fields": {"session_data": "YTllZmZlNmFhNjA4YjZjNDA1ZjJmMTE4MmQ0OWM0NjNjNzVjMGU5ZDp7ImNhcnQiOnt9fQ==", "expire_date": "2017-12-28T22:44:55.240Z"}, "pk": "hksldynbjli0c2oop9twlle4tx1bmukd"}, {"model": "sessions.session", "fields": {"session_data": "YTllZmZlNmFhNjA4YjZjNDA1ZjJmMTE4MmQ0OWM0NjNjNzVjMGU5ZDp7ImNhcnQiOnt9fQ==", "expire_date": "2017-12-28T22:38:10.249Z"}, "pk": "i5gmaqus36z3361w5wvsmv3raq8ctq8x"}, {"model": "sessions.session", "fields": {"session_data": "YTllZmZlNmFhNjA4YjZjNDA1ZjJmMTE4MmQ0OWM0NjNjNzVjMGU5ZDp7ImNhcnQiOnt9fQ==", "expire_date": "2017-12-28T20:14:49.424Z"}, "pk": "ib4qwz0pm10iphb606vj01dppqgvet2y"}, {"model": "sessions.session", "fields": {"session_data": "YTllZmZlNmFhNjA4YjZjNDA1ZjJmMTE4MmQ0OWM0NjNjNzVjMGU5ZDp7ImNhcnQiOnt9fQ==", "expire_date": "2017-12-28T21:57:27.540Z"}, "pk": "ibm24ivzneyxeecc4y7950mftym30lp9"}, {"model": "sessions.session", "fields": {"session_data": "YTllZmZlNmFhNjA4YjZjNDA1ZjJmMTE4MmQ0OWM0NjNjNzVjMGU5ZDp7ImNhcnQiOnt9fQ==", "expire_date": "2017-12-28T22:22:39.086Z"}, "pk": "iv06ok6iz1v3rw6eqm4scc9cf9w3r6y6"}, {"model": "sessions.session", "fields": {"session_data": "YTllZmZlNmFhNjA4YjZjNDA1ZjJmMTE4MmQ0OWM0NjNjNzVjMGU5ZDp7ImNhcnQiOnt9fQ==", "expire_date": "2017-12-29T15:24:05.704Z"}, "pk": "iw7muncsc7zx56550irqniqvk50zanq0"}, {"model": "sessions.session", "fields": {"session_data": "YTllZmZlNmFhNjA4YjZjNDA1ZjJmMTE4MmQ0OWM0NjNjNzVjMGU5ZDp7ImNhcnQiOnt9fQ==", "expire_date": "2017-12-28T20:07:12.091Z"}, "pk": "iytc90u0sqg5n3upcqx7brwtk74k5bno"}, {"model": "sessions.session", "fields": {"session_data": "YTllZmZlNmFhNjA4YjZjNDA1ZjJmMTE4MmQ0OWM0NjNjNzVjMGU5ZDp7ImNhcnQiOnt9fQ==", "expire_date": "2018-01-04T23:07:43.130Z"}, "pk": "k3bf5tbfu5cagaehkndnfhdt81wyakg2"}, {"model": "sessions.session", "fields": {"session_data": "YTllZmZlNmFhNjA4YjZjNDA1ZjJmMTE4MmQ0OWM0NjNjNzVjMGU5ZDp7ImNhcnQiOnt9fQ==", "expire_date": "2017-12-23T19:15:14.316Z"}, "pk": "lncqn1t3bu9ksl5oo44ye4bmtp7ctdjp"}, {"model": "sessions.session", "fields": {"session_data": "YTllZmZlNmFhNjA4YjZjNDA1ZjJmMTE4MmQ0OWM0NjNjNzVjMGU5ZDp7ImNhcnQiOnt9fQ==", "expire_date": "2017-12-28T22:28:02.007Z"}, "pk": "lrocf4ye37etk15lrt2m1o60t3nsi80t"}, {"model": "sessions.session", "fields": {"session_data": "Mzg4ZTAzOWNiMTI5NzFlOWZmZDk2ZjlhMzUxMzUwNDI1OGNiYTA2Yzp7ImNhcnQiOnsiMTIiOnsicXVhbnRpdHkiOjEsInByaWNlIjoiMjUuMDAifX19", "expire_date": "2017-12-28T19:01:16.943Z"}, "pk": "lwtrgt0e332zfr4xs6oj0udtdiggldan"}, {"model": "sessions.session", "fields": {"session_data": "YTllZmZlNmFhNjA4YjZjNDA1ZjJmMTE4MmQ0OWM0NjNjNzVjMGU5ZDp7ImNhcnQiOnt9fQ==", "expire_date": "2018-01-05T17:18:56.599Z"}, "pk": "m3g4l1htbs5gerkhpnvb4cg48pnju58q"}, {"model": "sessions.session", "fields": {"session_data": "YTllZmZlNmFhNjA4YjZjNDA1ZjJmMTE4MmQ0OWM0NjNjNzVjMGU5ZDp7ImNhcnQiOnt9fQ==", "expire_date": "2018-01-05T17:39:22.401Z"}, "pk": "n0zs8n0frh2ida4ojph96solmiip55rq"}, {"model": "sessions.session", "fields": {"session_data": "YTllZmZlNmFhNjA4YjZjNDA1ZjJmMTE4MmQ0OWM0NjNjNzVjMGU5ZDp7ImNhcnQiOnt9fQ==", "expire_date": "2018-01-03T19:01:26.631Z"}, "pk": "n4uioxy4vud3cib3c5xogf3253mdtq6q"}, {"model": "sessions.session", "fields": {"session_data": "ODQxZWQ2ZDQ5ODFmYTdlNWJiMzI3MTI0MTRmMDJiOTQwNmIxNDg0ZTp7ImNhcnQiOnsiOSI6eyJxdWFudGl0eSI6MSwicHJpY2UiOiIxNS4wMCJ9fX0=", "expire_date": "2017-12-28T19:02:09.969Z"}, "pk": "onektd204amurlngwgd7ikkzue00qz4t"}, {"model": "sessions.session", "fields": {"session_data": "YTllZmZlNmFhNjA4YjZjNDA1ZjJmMTE4MmQ0OWM0NjNjNzVjMGU5ZDp7ImNhcnQiOnt9fQ==", "expire_date": "2017-12-30T17:00:35.749Z"}, "pk": "pri6fuhwmfgyjgwgl7l1tr3spuomby55"}, {"model": "sessions.session", "fields": {"session_data": "MGFmNWRiNGQyMmYwZDcxOTRjZmJkMjk2NmYxODdmMmJjZThlOThmNTp7ImNhcnQiOnsiMzAiOnsicXVhbnRpdHkiOjEsInByaWNlIjoiMzUuMDAifX19", "expire_date": "2017-12-28T19:15:26.673Z"}, "pk": "qdnv1k7hwd6d837m7t5s30l2006vcj6c"}, {"model": "sessions.session", "fields": {"session_data": "YTllZmZlNmFhNjA4YjZjNDA1ZjJmMTE4MmQ0OWM0NjNjNzVjMGU5ZDp7ImNhcnQiOnt9fQ==", "expire_date": "2017-12-28T22:08:36.304Z"}, "pk": "qeo9qmbnkjni5caeqtsovngv36vibggj"}, {"model": "sessions.session", "fields": {"session_data": "YTllZmZlNmFhNjA4YjZjNDA1ZjJmMTE4MmQ0OWM0NjNjNzVjMGU5ZDp7ImNhcnQiOnt9fQ==", "expire_date": "2017-12-28T22:54:43.130Z"}, "pk": "r279f9smkzsfjt2gor8xhl722jhytx36"}, {"model": "sessions.session", "fields": {"session_data": "YTllZmZlNmFhNjA4YjZjNDA1ZjJmMTE4MmQ0OWM0NjNjNzVjMGU5ZDp7ImNhcnQiOnt9fQ==", "expire_date": "2017-12-28T20:37:35.188Z"}, "pk": "rin1trwxgak5svym8ij94a2rlp8bxtmd"}, {"model": "sessions.session", "fields": {"session_data": "YTllZmZlNmFhNjA4YjZjNDA1ZjJmMTE4MmQ0OWM0NjNjNzVjMGU5ZDp7ImNhcnQiOnt9fQ==", "expire_date": "2017-12-28T19:18:03.008Z"}, "pk": "t22gtp4cbrmtgvzjyg49n74f1tnrxh06"}, {"model": "sessions.session", "fields": {"session_data": "NzE3YmM1YmY4MDkxNDc2YTY4MWI5NzA0MmEzNTRjMDUwOTVkODAzYzp7ImNhcnQiOnsiMjYiOnsicXVhbnRpdHkiOjEsInByaWNlIjoiMTIuMDAifX19", "expire_date": "2017-12-28T18:48:23.969Z"}, "pk": "tqrdxf8ltp3va9vl90p8c7lirenjs1oc"}, {"model": "sessions.session", "fields": {"session_data": "MjQzM2UyODYyZGNmZDZmYThjMGNjYzU0YjgyZTU2MjU4MDc1NTdlNDp7ImNhcnQiOnsiMTciOnsicXVhbnRpdHkiOjEsInByaWNlIjoiMTIuMDAifX0sIl9hdXRoX3VzZXJfaWQiOiIxIiwiX2F1dGhfdXNlcl9iYWNrZW5kIjoiZGphbmdvLmNvbnRyaWIuYXV0aC5iYWNrZW5kcy5Nb2RlbEJhY2tlbmQiLCJfYXV0aF91c2VyX2hhc2giOiIwMDYxYzU5OTljMzY4NTQxNjNjOWFkZmIwY2U0OGQ1YTUwOTQ2YzYzIn0=", "expire_date": "2017-12-21T00:01:02.845Z"}, "pk": "u1ivvf2x9a6jqziq8o7as8z1drmjv92j"}, {"model": "Comedor.category", "fields": {"name": "Bebidas", "slug": "bebidas", "image": "products/2017/11/22/bebida-10334.jpg", "parent": null}, "pk": 1}, {"model": "Comedor.category", "fields": {"name": "Alimentos", "slug": "alimentos", "image": "products/2017/11/22/plato-de-verduras-comida-verduras-9939735.jpg", "parent": null}, "pk": 2}, {"model": "Comedor.category", "fields": {"name": "Tamales", "slug": "tamales", "image": "products/2017/12/21/tamales.jpg", "parent": 2}, "pk": 3}, {"model": "Comedor.category", "fields": {"name": "Burritos", "slug": "burritos", "image": "products/2017/12/21/burritos.jpg", "parent": 2}, "pk": 4}, {"model": "Comedor.category", "fields": {"name": "Refresco", "slug": "refresco", "image": "products/2017/12/21/soda.jpg", "parent": 1}, "pk": 5}, {"model": "Comedor.category", "fields": {"name": "Sandwich de Jam\u00f3n", "slug": "sandwich-de-jamon", "image": "products/2017/12/21/sandwich.jpg", "parent": 2}, "pk": 6}, {"model": "Comedor.category", "fields": {"name": "Torta de Jam\u00f3n", "slug": "torta-de-jamon", "image": "products/2017/12/21/torta.jpg", "parent": 2}, "pk": 7}, {"model": "Comedor.category", "fields": {"name": "Burritos + Agua Fresca", "slug": "burritos-con-agua-fresca", "image": "products/2017/12/21/unnamed.png", "parent": 4}, "pk": 9}, {"model": "Comedor.category", "fields": {"name": "Extras", "slug": "extras", "image": "products/2017/12/21/2000px-Plus_font_awesome.svg.png", "parent": null}, "pk": 10}, {"model": "Comedor.product", "fields": {"category": 2, "name": "Molletes", "slug": "molletes", "image": "products/2017/11/29/Molletes.jpg", "price": "20.00", "available": true, "created": "2017-11-30T00:13:50.494Z", "updated": "2017-11-30T00:26:14.935Z"}, "pk": 7}, {"model": "Comedor.product", "fields": {"category": 4, "name": "Burritos/Machaca con papas", "slug": "burritos", "image": "products/2017/12/21/papas.jpg", "price": "30.00", "available": true, "created": "2017-11-30T00:14:19.187Z", "updated": "2017-12-21T20:08:09.805Z"}, "pk": 8}, {"model": "Comedor.product", "fields": {"category": 3, "name": "Tamales/Carne", "slug": "tamales", "image": "products/2017/12/21/carne.jpg", "price": "15.00", "available": true, "created": "2017-11-30T00:14:46.499Z", "updated": "2017-12-21T19:57:06.406Z"}, "pk": 9}, {"model": "Comedor.product", "fields": {"category": 2, "name": "Sincronizada", "slug": "sincronizada", "image": "products/2017/11/29/sincronizada.jpg", "price": "25.00", "available": true, "created": "2017-11-30T00:15:13.898Z", "updated": "2017-11-30T00:15:13.898Z"}, "pk": 10}, {"model": "Comedor.product", "fields": {"category": 2, "name": "Quesadillas", "slug": "quesadillas", "image": "products/2017/11/29/quesadilla.jpg", "price": "20.00", "available": true, "created": "2017-11-30T00:16:48.181Z", "updated": "2017-11-30T00:16:48.181Z"}, "pk": 11}, {"model": "Comedor.product", "fields": {"category": 6, "name": "Sandwich de Jam\u00f3n", "slug": "sandwich-de-jamon", "image": "products/2017/11/29/sandwich.jpg", "price": "25.00", "available": true, "created": "2017-11-30T00:17:16.451Z", "updated": "2017-12-21T19:27:50.242Z"}, "pk": 12}, {"model": "Comedor.product", "fields": {"category": 7, "name": "Torta de Jam\u00f3n ", "slug": "torta-de-jamon", "image": "products/2017/11/29/torta.jpg", "price": "25.00", "available": true, "created": "2017-11-30T00:17:44.006Z", "updated": "2017-12-21T19:28:11.062Z"}, "pk": 13}, {"model": "Comedor.product", "fields": {"category": 2, "name": "Yogurt con Fruta", "slug": "yogurt-con-fruta", "image": "products/2017/11/29/yogurt.jpg", "price": "25.00", "available": true, "created": "2017-11-30T00:18:11.820Z", "updated": "2017-11-30T00:18:11.820Z"}, "pk": 14}, {"model": "Comedor.product", "fields": {"category": 2, "name": "Hotcakes c/Salchicha", "slug": "hot-cakes-con-salchicha", "image": "products/2017/11/29/hotcakes.jpeg", "price": "25.00", "available": true, "created": "2017-11-30T00:18:42.947Z", "updated": "2017-12-19T18:05:04.479Z"}, "pk": 15}, {"model": "Comedor.product", "fields": {"category": 2, "name": "Pico de Gallo", "slug": "pico-de-gallo", "image": "products/2017/11/29/picodegallo.jpg", "price": "25.00", "available": true, "created": "2017-11-30T00:19:04.051Z", "updated": "2017-11-30T00:19:04.051Z"}, "pk": 16}, {"model": "Comedor.product", "fields": {"category": 1, "name": "Te Arizona", "slug": "te-arizona", "image": "products/2017/11/29/te_arizona.jpg", "price": "15.00", "available": true, "created": "2017-11-30T00:22:00.796Z", "updated": "2017-11-30T00:22:00.796Z"}, "pk": 18}, {"model": "Comedor.product", "fields": {"category": 1, "name": "Jugo Jumex", "slug": "jugo-jumex", "image": "products/2017/11/29/jugo.jpg", "price": "12.00", "available": true, "created": "2017-11-30T00:22:25.731Z", "updated": "2017-11-30T00:22:25.731Z"}, "pk": 19}, {"model": "Comedor.product", "fields": {"category": 2, "name": "Comida del dia", "slug": "comida-del-dia", "image": "products/2017/11/29/dia.jpg", "price": "35.00", "available": true, "created": "2017-11-30T00:25:37.685Z", "updated": "2017-12-15T00:06:24.153Z"}, "pk": 20}, {"model": "Comedor.product", "fields": {"category": 3, "name": "Tamales/Elote", "slug": "tamales-de-elote", "image": "products/2017/12/21/elote.jpg", "price": "15.00", "available": true, "created": "2017-12-21T18:39:21.333Z", "updated": "2017-12-21T19:57:15.297Z"}, "pk": 21}, {"model": "Comedor.product", "fields": {"category": 4, "name": "Burritos/Machaca con verdura", "slug": "burritos-machaca-con-verdura", "image": "products/2017/12/21/verduras_szT28VP.jpg", "price": "30.00", "available": true, "created": "2017-12-21T18:41:14.674Z", "updated": "2017-12-21T20:41:38.887Z"}, "pk": 22}, {"model": "Comedor.product", "fields": {"category": 4, "name": "Burritos/Papa con Carnes Frias", "slug": "burritos-papa-con-carnes-frias", "image": "products/2017/12/21/salchicha.jpg", "price": "30.00", "available": true, "created": "2017-12-21T18:42:47.001Z", "updated": "2017-12-21T20:08:26.432Z"}, "pk": 23}, {"model": "Comedor.product", "fields": {"category": 5, "name": "Refresco/Regular", "slug": "refresco-regular", "image": "products/2017/12/21/regular.jpg", "price": "12.00", "available": true, "created": "2017-12-21T18:43:30.098Z", "updated": "2017-12-21T20:01:40.825Z"}, "pk": 24}, {"model": "Comedor.product", "fields": {"category": 5, "name": "Refresco/Sabor", "slug": "refresco-sabor", "image": "products/2017/12/21/sabores.jpg", "price": "12.00", "available": true, "created": "2017-12-21T18:43:54.757Z", "updated": "2017-12-21T20:01:48.725Z"}, "pk": 25}, {"model": "Comedor.product", "fields": {"category": 5, "name": "Refresco/Light", "slug": "refresco-light", "image": "products/2017/12/21/light.jpg", "price": "12.00", "available": true, "created": "2017-12-21T18:44:23.378Z", "updated": "2017-12-21T20:01:33.544Z"}, "pk": 26}, {"model": "Comedor.product", "fields": {"category": 1, "name": "Refil de Aguas Frescas", "slug": "refil-de-aguas-frescas", "image": "products/2017/12/21/agua.png", "price": "15.00", "available": true, "created": "2017-12-21T19:16:51.610Z", "updated": "2017-12-21T20:03:14.740Z"}, "pk": 27}, {"model": "Comedor.product", "fields": {"category": 6, "name": "Sandwich de Jam\u00f3n + Agua Fresca", "slug": "sandwich-de-jamon-agua-fresca", "image": "products/2017/12/21/sandwichagua.png", "price": "30.00", "available": true, "created": "2017-12-21T19:29:44.542Z", "updated": "2017-12-21T20:48:32.099Z"}, "pk": 28}, {"model": "Comedor.product", "fields": {"category": 7, "name": "Torta de Jam\u00f3n + Agua Fresca", "slug": "torta-de-jamon-agua-fresca", "image": "products/2017/12/21/tortagua.png", "price": "30.00", "available": true, "created": "2017-12-21T19:30:14.276Z", "updated": "2017-12-21T20:48:46.894Z"}, "pk": 29}, {"model": "Comedor.product", "fields": {"category": 9, "name": "Burritos/Machaca con papas + Agua Fresca", "slug": "burritosmachaca-con-papas-agua-fresca", "image": "products/2017/12/21/papasgua.png", "price": "35.00", "available": true, "created": "2017-12-21T19:50:07.323Z", "updated": "2017-12-21T20:41:52.962Z"}, "pk": 30}, {"model": "Comedor.product", "fields": {"category": 9, "name": "Burritos/Machaca con verdura + Agua Fresca", "slug": "burritosmachaca-con-verdura-agua-fresca", "image": "products/2017/12/21/verduraaguas.png", "price": "35.00", "available": true, "created": "2017-12-21T19:50:31.271Z", "updated": "2017-12-21T20:42:00.707Z"}, "pk": 31}, {"model": "Comedor.product", "fields": {"category": 9, "name": "Burritos/Papa con Carnes Frias + Agua Fresca", "slug": "burritospapa-con-carnes-frias-agua-fresca", "image": "products/2017/12/21/salchichasagua.png", "price": "35.00", "available": true, "created": "2017-12-21T19:51:01.428Z", "updated": "2017-12-21T20:42:09.180Z"}, "pk": 32}, {"model": "Comedor.product", "fields": {"category": 10, "name": "Frijoles adicionales", "slug": "frijoles-adicionales", "image": "products/2017/12/21/frijoles.jpg", "price": "10.00", "available": true, "created": "2017-12-21T23:58:09.000Z", "updated": "2017-12-22T00:06:55.105Z"}, "pk": 33}, {"model": "Comedor.product", "fields": {"category": 10, "name": "Guarnici\u00f3n adicional", "slug": "guarnicion-adicional", "image": "products/2017/12/21/arroz.png", "price": "10.00", "available": true, "created": "2017-12-21T23:58:27.543Z", "updated": "2017-12-22T00:07:43.288Z"}, "pk": 34}, {"model": "Comedor.product", "fields": {"category": 10, "name": "Tortilla adicional", "slug": "tortillas-adicionales", "image": "products/2017/12/21/tortilla.jpg", "price": "5.00", "available": true, "created": "2017-12-21T23:58:45.515Z", "updated": "2017-12-22T17:19:16.972Z"}, "pk": 35}, {"model": "orders.order", "fields": {"nombre": "manzana", "numerotarjeta": "12365124", "numeroempleado": "12365124", "created": "2017-12-28T00:31:58.594Z", "updated": "2017-12-28T00:31:58.594Z", "paid": false}, "pk": 48}, {"model": "orders.order", "fields": {"nombre": "naranja", "numerotarjeta": "1297454", "numeroempleado": "1297454", "created": "2017-12-28T00:33:42.439Z", "updated": "2017-12-28T00:33:42.439Z", "paid": false}, "pk": 49}, {"model": "orders.order", "fields": {"nombre": null, "numerotarjeta": "", "numeroempleado": null, "created": "2017-12-28T00:34:10.433Z", "updated": "2017-12-28T00:34:10.433Z", "paid": false}, "pk": 50}, {"model": "orders.order", "fields": {"nombre": "naranja", "numerotarjeta": "1297454", "numeroempleado": "1297454", "created": "2017-12-28T00:39:57.177Z", "updated": "2017-12-28T00:39:57.177Z", "paid": false}, "pk": 51}, {"model": "orders.order", "fields": {"nombre": null, "numerotarjeta": "", "numeroempleado": null, "created": "2017-12-28T00:40:12.799Z", "updated": "2017-12-28T00:40:12.799Z", "paid": false}, "pk": 52}, {"model": "orders.order", "fields": {"nombre": "naranja", "numerotarjeta": "1297454", "numeroempleado": "1297454", "created": "2017-12-28T15:27:54.681Z", "updated": "2017-12-28T15:27:54.681Z", "paid": false}, "pk": 53}, {"model": "orders.order", "fields": {"nombre": "naranja", "numerotarjeta": "1297454", "numeroempleado": "1297454", "created": "2017-12-28T15:29:08.600Z", "updated": "2017-12-28T15:29:08.600Z", "paid": false}, "pk": 54}, {"model": "orders.order", "fields": {"nombre": null, "numerotarjeta": "", "numeroempleado": null, "created": "2017-12-28T15:29:39.860Z", "updated": "2017-12-28T15:29:39.860Z", "paid": false}, "pk": 55}, {"model": "orders.order", "fields": {"nombre": "naranja", "numerotarjeta": "1297454", "numeroempleado": "1297454", "created": "2017-12-28T16:13:23.320Z", "updated": "2017-12-28T16:13:23.320Z", "paid": false}, "pk": 56}, {"model": "orders.order", "fields": {"nombre": "naranja", "numerotarjeta": "1297454", "numeroempleado": "1297454", "created": "2017-12-28T16:17:09.505Z", "updated": "2017-12-28T16:17:09.505Z", "paid": false}, "pk": 57}, {"model": "orders.order", "fields": {"nombre": null, "numerotarjeta": "", "numeroempleado": null, "created": "2017-12-28T16:26:27.635Z", "updated": "2017-12-28T16:26:27.636Z", "paid": false}, "pk": 58}, {"model": "orders.order", "fields": {"nombre": null, "numerotarjeta": "", "numeroempleado": null, "created": "2017-12-28T16:27:07.499Z", "updated": "2017-12-28T16:27:07.499Z", "paid": false}, "pk": 59}, {"model": "orders.order", "fields": {"nombre": "naranja", "numerotarjeta": "1297454", "numeroempleado": "1297454", "created": "2017-12-28T17:32:53.860Z", "updated": "2017-12-28T17:32:53.860Z", "paid": false}, "pk": 60}, {"model": "orders.order", "fields": {"nombre": null, "numerotarjeta": "", "numeroempleado": null, "created": "2017-12-28T17:37:16.026Z", "updated": "2017-12-28T17:37:16.026Z", "paid": false}, "pk": 61}, {"model": "orders.order", "fields": {"nombre": null, "numerotarjeta": "", "numeroempleado": null, "created": "2017-12-28T17:37:37.219Z", "updated": "2017-12-28T17:37:37.219Z", "paid": false}, "pk": 62}, {"model": "orders.order", "fields": {"nombre": "naranja", "numerotarjeta": "1297454", "numeroempleado": "1297454", "created": "2017-12-28T18:10:52.755Z", "updated": "2017-12-28T18:10:52.755Z", "paid": false}, "pk": 63}, {"model": "orders.order", "fields": {"nombre": "naranja", "numerotarjeta": "1297454", "numeroempleado": "1297454", "created": "2017-12-28T22:06:45.971Z", "updated": "2017-12-28T22:06:45.971Z", "paid": false}, "pk": 64}, {"model": "orders.order", "fields": {"nombre": "naranja", "numerotarjeta": "1297454", "numeroempleado": "1297454", "created": "2017-12-28T22:41:59.590Z", "updated": "2017-12-28T22:41:59.590Z", "paid": false}, "pk": 65}, {"model": "orders.order", "fields": {"nombre": null, "numerotarjeta": "", "numeroempleado": null, "created": "2017-12-28T22:43:51.547Z", "updated": "2017-12-28T22:43:51.547Z", "paid": false}, "pk": 66}, {"model": "orders.order", "fields": {"nombre": null, "numerotarjeta": "", "numeroempleado": null, "created": "2017-12-28T22:53:16.939Z", "updated": "2017-12-28T22:53:16.939Z", "paid": false}, "pk": 67}, {"model": "orders.orderitem", "fields": {"order": 54, "product": 20, "price": "35.00", "quantity": 1}, "pk": 40}, {"model": "orders.orderitem", "fields": {"order": 54, "product": 27, "price": "15.00", "quantity": 1}, "pk": 41}, {"model": "orders.orderitem", "fields": {"order": 55, "product": 18, "price": "15.00", "quantity": 1}, "pk": 42}, {"model": "orders.orderitem", "fields": {"order": 56, "product": 15, "price": "25.00", "quantity": 2}, "pk": 43}, {"model": "orders.orderitem", "fields": {"order": 56, "product": 19, "price": "12.00", "quantity": 1}, "pk": 44}, {"model": "orders.orderitem", "fields": {"order": 57, "product": 20, "price": "35.00", "quantity": 2}, "pk": 45}, {"model": "orders.orderitem", "fields": {"order": 58, "product": 27, "price": "15.00", "quantity": 1}, "pk": 46}, {"model": "orders.orderitem", "fields": {"order": 58, "product": 35, "price": "5.00", "quantity": 1}, "pk": 47}, {"model": "orders.orderitem", "fields": {"order": 59, "product": 27, "price": "15.00", "quantity": 1}, "pk": 48}, {"model": "orders.orderitem", "fields": {"order": 59, "product": 35, "price": "5.00", "quantity": 1}, "pk": 49}, {"model": "orders.orderitem", "fields": {"order": 61, "product": 9, "price": "15.00", "quantity": 1}, "pk": 50}, {"model": "orders.orderitem", "fields": {"order": 63, "product": 8, "price": "30.00", "quantity": 2}, "pk": 51}, {"model": "orders.orderitem", "fields": {"order": 64, "product": 30, "price": "35.00", "quantity": 4}, "pk": 52}, {"model": "orders.orderitem", "fields": {"order": 64, "product": 26, "price": "12.00", "quantity": 1}, "pk": 53}, {"model": "orders.orderitem", "fields": {"order": 66, "product": 12, "price": "25.00", "quantity": 1}, "pk": 54}, {"model": "orders.orderitem", "fields": {"order": 67, "product": 28, "price": "30.00", "quantity": 1}, "pk": 55}, {"model": "admin.logentry", "fields": {"action_time": "2017-11-09T00:17:57.197Z", "user": 1, "content_type": 7, "object_id": "1", "object_repr": "Bebidas", "action_flag": 1, "change_message": ""}, "pk": 1}, {"model": "admin.logentry", "fields": {"action_time": "2017-11-09T00:19:00.378Z", "user": 1, "content_type": 8, "object_id": "1", "object_repr": "Jugo de naranja", "action_flag": 1, "change_message": ""}, "pk": 2}, {"model": "admin.logentry", "fields": {"action_time": "2017-11-10T00:31:49.765Z", "user": 1, "content_type": 8, "object_id": "2", "object_repr": "Dr Pepper", "action_flag": 1, "change_message": ""}, "pk": 3}, {"model": "admin.logentry", "fields": {"action_time": "2017-11-10T00:32:42.330Z", "user": 1, "content_type": 8, "object_id": "1", "object_repr": "Jugo de naranja", "action_flag": 2, "change_message": "Changed image."}, "pk": 4}, {"model": "admin.logentry", "fields": {"action_time": "2017-11-11T16:24:44.347Z", "user": 1, "content_type": 7, "object_id": "2", "object_repr": "Alimentos", "action_flag": 1, "change_message": ""}, "pk": 5}, {"model": "admin.logentry", "fields": {"action_time": "2017-11-11T16:24:50.555Z", "user": 1, "content_type": 7, "object_id": "3", "object_repr": "Postre", "action_flag": 1, "change_message": ""}, "pk": 6}, {"model": "admin.logentry", "fields": {"action_time": "2017-11-11T16:27:37.509Z", "user": 1, "content_type": 8, "object_id": "3", "object_repr": "Sandwich", "action_flag": 1, "change_message": ""}, "pk": 7}, {"model": "admin.logentry", "fields": {"action_time": "2017-11-11T16:28:04.834Z", "user": 1, "content_type": 8, "object_id": "4", "object_repr": "Hotdog", "action_flag": 1, "change_message": ""}, "pk": 8}, {"model": "admin.logentry", "fields": {"action_time": "2017-11-11T16:28:36.378Z", "user": 1, "content_type": 8, "object_id": "5", "object_repr": "Galletas Emperador", "action_flag": 1, "change_message": ""}, "pk": 9}, {"model": "admin.logentry", "fields": {"action_time": "2017-11-11T16:29:00.695Z", "user": 1, "content_type": 8, "object_id": "6", "object_repr": "Chocoroles", "action_flag": 1, "change_message": ""}, "pk": 10}, {"model": "admin.logentry", "fields": {"action_time": "2017-11-23T00:02:38.987Z", "user": 1, "content_type": 7, "object_id": "2", "object_repr": "Alimentos", "action_flag": 2, "change_message": "Changed image."}, "pk": 11}, {"model": "admin.logentry", "fields": {"action_time": "2017-11-23T00:02:46.862Z", "user": 1, "content_type": 7, "object_id": "1", "object_repr": "Bebidas", "action_flag": 2, "change_message": "Changed image."}, "pk": 12}, {"model": "admin.logentry", "fields": {"action_time": "2017-11-23T00:02:56.600Z", "user": 1, "content_type": 7, "object_id": "3", "object_repr": "Postre", "action_flag": 2, "change_message": "Changed image."}, "pk": 13}, {"model": "admin.logentry", "fields": {"action_time": "2017-11-30T00:12:38.478Z", "user": 1, "content_type": 7, "object_id": "3", "object_repr": "Postre", "action_flag": 3, "change_message": ""}, "pk": 14}, {"model": "admin.logentry", "fields": {"action_time": "2017-11-30T00:13:05.945Z", "user": 1, "content_type": 8, "object_id": "2", "object_repr": "Dr Pepper", "action_flag": 3, "change_message": ""}, "pk": 15}, {"model": "admin.logentry", "fields": {"action_time": "2017-11-30T00:13:05.953Z", "user": 1, "content_type": 8, "object_id": "4", "object_repr": "Hotdog", "action_flag": 3, "change_message": ""}, "pk": 16}, {"model": "admin.logentry", "fields": {"action_time": "2017-11-30T00:13:05.957Z", "user": 1, "content_type": 8, "object_id": "1", "object_repr": "Jugo de naranja", "action_flag": 3, "change_message": ""}, "pk": 17}, {"model": "admin.logentry", "fields": {"action_time": "2017-11-30T00:13:05.961Z", "user": 1, "content_type": 8, "object_id": "3", "object_repr": "Sandwich", "action_flag": 3, "change_message": ""}, "pk": 18}, {"model": "admin.logentry", "fields": {"action_time": "2017-11-30T00:13:50.494Z", "user": 1, "content_type": 8, "object_id": "7", "object_repr": "Molletes", "action_flag": 1, "change_message": ""}, "pk": 19}, {"model": "admin.logentry", "fields": {"action_time": "2017-11-30T00:14:19.191Z", "user": 1, "content_type": 8, "object_id": "8", "object_repr": "Burritos", "action_flag": 1, "change_message": ""}, "pk": 20}, {"model": "admin.logentry", "fields": {"action_time": "2017-11-30T00:14:46.503Z", "user": 1, "content_type": 8, "object_id": "9", "object_repr": "Tamales", "action_flag": 1, "change_message": ""}, "pk": 21}, {"model": "admin.logentry", "fields": {"action_time": "2017-11-30T00:15:13.902Z", "user": 1, "content_type": 8, "object_id": "10", "object_repr": "Sincronizada", "action_flag": 1, "change_message": ""}, "pk": 22}, {"model": "admin.logentry", "fields": {"action_time": "2017-11-30T00:16:48.185Z", "user": 1, "content_type": 8, "object_id": "11", "object_repr": "Quesadillas", "action_flag": 1, "change_message": ""}, "pk": 23}, {"model": "admin.logentry", "fields": {"action_time": "2017-11-30T00:17:16.455Z", "user": 1, "content_type": 8, "object_id": "12", "object_repr": "Sandwich de Jam\u00f3n", "action_flag": 1, "change_message": ""}, "pk": 24}, {"model": "admin.logentry", "fields": {"action_time": "2017-11-30T00:17:44.010Z", "user": 1, "content_type": 8, "object_id": "13", "object_repr": "Torta de Jam\u00f3n ", "action_flag": 1, "change_message": ""}, "pk": 25}, {"model": "admin.logentry", "fields": {"action_time": "2017-11-30T00:18:11.824Z", "user": 1, "content_type": 8, "object_id": "14", "object_repr": "Yogurt con Fruta", "action_flag": 1, "change_message": ""}, "pk": 26}, {"model": "admin.logentry", "fields": {"action_time": "2017-11-30T00:18:42.947Z", "user": 1, "content_type": 8, "object_id": "15", "object_repr": "Hot Cakes con Salchicha", "action_flag": 1, "change_message": ""}, "pk": 27}, {"model": "admin.logentry", "fields": {"action_time": "2017-11-30T00:19:04.055Z", "user": 1, "content_type": 8, "object_id": "16", "object_repr": "Pico de Gallo", "action_flag": 1, "change_message": ""}, "pk": 28}, {"model": "admin.logentry", "fields": {"action_time": "2017-11-30T00:21:40.310Z", "user": 1, "content_type": 8, "object_id": "17", "object_repr": "Refresco", "action_flag": 1, "change_message": ""}, "pk": 29}, {"model": "admin.logentry", "fields": {"action_time": "2017-11-30T00:22:00.796Z", "user": 1, "content_type": 8, "object_id": "18", "object_repr": "Te Arizona", "action_flag": 1, "change_message": ""}, "pk": 30}, {"model": "admin.logentry", "fields": {"action_time": "2017-11-30T00:22:25.731Z", "user": 1, "content_type": 8, "object_id": "19", "object_repr": "Jugo Jumex", "action_flag": 1, "change_message": ""}, "pk": 31}, {"model": "admin.logentry", "fields": {"action_time": "2017-11-30T00:25:37.685Z", "user": 1, "content_type": 8, "object_id": "20", "object_repr": "Comida del dIa", "action_flag": 1, "change_message": ""}, "pk": 32}, {"model": "admin.logentry", "fields": {"action_time": "2017-11-30T00:26:14.939Z", "user": 1, "content_type": 8, "object_id": "7", "object_repr": "Molletes", "action_flag": 2, "change_message": "Changed image."}, "pk": 33}, {"model": "admin.logentry", "fields": {"action_time": "2017-12-15T00:06:24.153Z", "user": 1, "content_type": 8, "object_id": "20", "object_repr": "Comida del dia", "action_flag": 2, "change_message": "Changed name."}, "pk": 34}, {"model": "admin.logentry", "fields": {"action_time": "2017-12-19T18:05:04.479Z", "user": 1, "content_type": 8, "object_id": "15", "object_repr": "Hotcakes c/Salchicha", "action_flag": 2, "change_message": "Changed name."}, "pk": 35}, {"model": "admin.logentry", "fields": {"action_time": "2017-12-21T18:12:05.987Z", "user": 1, "content_type": 8, "object_id": "13", "object_repr": "Torta de Jam\u00f3n ", "action_flag": 2, "change_message": "Changed price."}, "pk": 36}, {"model": "admin.logentry", "fields": {"action_time": "2017-12-21T18:36:12.777Z", "user": 1, "content_type": 7, "object_id": "3", "object_repr": "Alimentos -> Tamales", "action_flag": 1, "change_message": ""}, "pk": 37}, {"model": "admin.logentry", "fields": {"action_time": "2017-12-21T18:36:53.395Z", "user": 1, "content_type": 7, "object_id": "4", "object_repr": "Alimentos -> Burritos", "action_flag": 1, "change_message": ""}, "pk": 38}, {"model": "admin.logentry", "fields": {"action_time": "2017-12-21T18:37:37.669Z", "user": 1, "content_type": 7, "object_id": "5", "object_repr": "Bebidas -> Refresco", "action_flag": 1, "change_message": ""}, "pk": 39}, {"model": "admin.logentry", "fields": {"action_time": "2017-12-21T18:38:47.442Z", "user": 1, "content_type": 8, "object_id": "9", "object_repr": "Tamales de carne", "action_flag": 2, "change_message": "Changed category and name."}, "pk": 40}, {"model": "admin.logentry", "fields": {"action_time": "2017-12-21T18:39:21.335Z", "user": 1, "content_type": 8, "object_id": "21", "object_repr": "tamales de elote", "action_flag": 1, "change_message": ""}, "pk": 41}, {"model": "admin.logentry", "fields": {"action_time": "2017-12-21T18:39:32.065Z", "user": 1, "content_type": 8, "object_id": "21", "object_repr": "Tamales de elote", "action_flag": 2, "change_message": "Changed name."}, "pk": 42}, {"model": "admin.logentry", "fields": {"action_time": "2017-12-21T18:40:33.968Z", "user": 1, "content_type": 8, "object_id": "8", "object_repr": "Burritos de Machaca con papas", "action_flag": 2, "change_message": "Changed name."}, "pk": 43}, {"model": "admin.logentry", "fields": {"action_time": "2017-12-21T18:40:53.803Z", "user": 1, "content_type": 8, "object_id": "8", "object_repr": "Burritos de Machaca con papas", "action_flag": 2, "change_message": "Changed category."}, "pk": 44}, {"model": "admin.logentry", "fields": {"action_time": "2017-12-21T18:41:14.675Z", "user": 1, "content_type": 8, "object_id": "22", "object_repr": "Burritos / Machaca con verdura", "action_flag": 1, "change_message": ""}, "pk": 45}, {"model": "admin.logentry", "fields": {"action_time": "2017-12-21T18:41:31.962Z", "user": 1, "content_type": 8, "object_id": "8", "object_repr": "Burritos / Machaca con papas", "action_flag": 2, "change_message": "Changed name."}, "pk": 46}, {"model": "admin.logentry", "fields": {"action_time": "2017-12-21T18:41:45.284Z", "user": 1, "content_type": 8, "object_id": "9", "object_repr": "Tamales / carne", "action_flag": 2, "change_message": "Changed name."}, "pk": 47}, {"model": "admin.logentry", "fields": {"action_time": "2017-12-21T18:41:53.408Z", "user": 1, "content_type": 8, "object_id": "21", "object_repr": "Tamales / elote", "action_flag": 2, "change_message": "Changed name."}, "pk": 48}, {"model": "admin.logentry", "fields": {"action_time": "2017-12-21T18:42:03.415Z", "user": 1, "content_type": 8, "object_id": "21", "object_repr": "Tamales / Elote", "action_flag": 2, "change_message": "Changed name."}, "pk": 49}, {"model": "admin.logentry", "fields": {"action_time": "2017-12-21T18:42:10.910Z", "user": 1, "content_type": 8, "object_id": "9", "object_repr": "Tamales / Carne", "action_flag": 2, "change_message": "Changed name."}, "pk": 50}, {"model": "admin.logentry", "fields": {"action_time": "2017-12-21T18:42:47.003Z", "user": 1, "content_type": 8, "object_id": "23", "object_repr": "Burritos / Papa con Carnes Frias", "action_flag": 1, "change_message": ""}, "pk": 51}, {"model": "admin.logentry", "fields": {"action_time": "2017-12-21T18:43:30.099Z", "user": 1, "content_type": 8, "object_id": "24", "object_repr": "Refresco / Regular", "action_flag": 1, "change_message": ""}, "pk": 52}, {"model": "admin.logentry", "fields": {"action_time": "2017-12-21T18:43:54.758Z", "user": 1, "content_type": 8, "object_id": "25", "object_repr": "Refresco / Sabor", "action_flag": 1, "change_message": ""}, "pk": 53}, {"model": "admin.logentry", "fields": {"action_time": "2017-12-21T18:44:23.381Z", "user": 1, "content_type": 8, "object_id": "26", "object_repr": "Refresco / Light", "action_flag": 1, "change_message": ""}, "pk": 54}, {"model": "admin.logentry", "fields": {"action_time": "2017-12-21T19:09:01.728Z", "user": 1, "content_type": 7, "object_id": "3", "object_repr": "Alimentos -> Tamales", "action_flag": 2, "change_message": "No fields changed."}, "pk": 55}, {"model": "admin.logentry", "fields": {"action_time": "2017-12-21T19:12:29.619Z", "user": 1, "content_type": 8, "object_id": "17", "object_repr": "Refresco", "action_flag": 3, "change_message": ""}, "pk": 56}, {"model": "admin.logentry", "fields": {"action_time": "2017-12-21T19:16:51.610Z", "user": 1, "content_type": 8, "object_id": "27", "object_repr": "Refil de Aguas Frescas", "action_flag": 1, "change_message": ""}, "pk": 57}, {"model": "admin.logentry", "fields": {"action_time": "2017-12-21T19:23:00.282Z", "user": 1, "content_type": 8, "object_id": "23", "object_repr": "Burritos/Papa con Carnes Frias", "action_flag": 2, "change_message": "Changed name."}, "pk": 58}, {"model": "admin.logentry", "fields": {"action_time": "2017-12-21T19:23:07.861Z", "user": 1, "content_type": 8, "object_id": "22", "object_repr": "Burritos/Machaca con verdura", "action_flag": 2, "change_message": "Changed name."}, "pk": 59}, {"model": "admin.logentry", "fields": {"action_time": "2017-12-21T19:23:15.111Z", "user": 1, "content_type": 8, "object_id": "8", "object_repr": "Burritos/Machaca con papas", "action_flag": 2, "change_message": "Changed name."}, "pk": 60}, {"model": "admin.logentry", "fields": {"action_time": "2017-12-21T19:23:31.548Z", "user": 1, "content_type": 8, "object_id": "26", "object_repr": "Refresco/Light", "action_flag": 2, "change_message": "Changed name."}, "pk": 61}, {"model": "admin.logentry", "fields": {"action_time": "2017-12-21T19:23:42.939Z", "user": 1, "content_type": 8, "object_id": "25", "object_repr": "Refresco/Sabor", "action_flag": 2, "change_message": "Changed name."}, "pk": 62}, {"model": "admin.logentry", "fields": {"action_time": "2017-12-21T19:23:53.330Z", "user": 1, "content_type": 8, "object_id": "24", "object_repr": "Refresco/Regular", "action_flag": 2, "change_message": "Changed name."}, "pk": 63}, {"model": "admin.logentry", "fields": {"action_time": "2017-12-21T19:24:04.401Z", "user": 1, "content_type": 8, "object_id": "9", "object_repr": "Tamales/Carne", "action_flag": 2, "change_message": "Changed name."}, "pk": 64}, {"model": "admin.logentry", "fields": {"action_time": "2017-12-21T19:24:24.636Z", "user": 1, "content_type": 8, "object_id": "21", "object_repr": "Tamales/Elote", "action_flag": 2, "change_message": "Changed name."}, "pk": 65}, {"model": "admin.logentry", "fields": {"action_time": "2017-12-21T19:26:53.850Z", "user": 1, "content_type": 7, "object_id": "6", "object_repr": "Sandwich de Jam\u00f3n", "action_flag": 1, "change_message": ""}, "pk": 66}, {"model": "admin.logentry", "fields": {"action_time": "2017-12-21T19:27:13.772Z", "user": 1, "content_type": 7, "object_id": "7", "object_repr": "Alimentos -> Torta de Jam\u00f3n", "action_flag": 1, "change_message": ""}, "pk": 67}, {"model": "admin.logentry", "fields": {"action_time": "2017-12-21T19:27:20.257Z", "user": 1, "content_type": 7, "object_id": "6", "object_repr": "Alimentos -> Sandwich de Jam\u00f3n", "action_flag": 2, "change_message": "Changed parent."}, "pk": 68}, {"model": "admin.logentry", "fields": {"action_time": "2017-12-21T19:27:50.242Z", "user": 1, "content_type": 8, "object_id": "12", "object_repr": "Sandwich de Jam\u00f3n", "action_flag": 2, "change_message": "Changed category."}, "pk": 69}, {"model": "admin.logentry", "fields": {"action_time": "2017-12-21T19:28:11.062Z", "user": 1, "content_type": 8, "object_id": "13", "object_repr": "Torta de Jam\u00f3n ", "action_flag": 2, "change_message": "Changed category."}, "pk": 70}, {"model": "admin.logentry", "fields": {"action_time": "2017-12-21T19:29:44.542Z", "user": 1, "content_type": 8, "object_id": "28", "object_repr": "Sandwich de Jam\u00f3n + Agua Fresca", "action_flag": 1, "change_message": ""}, "pk": 71}, {"model": "admin.logentry", "fields": {"action_time": "2017-12-21T19:30:14.292Z", "user": 1, "content_type": 8, "object_id": "29", "object_repr": "Torta de Jam\u00f3n + Agua Fresca", "action_flag": 1, "change_message": ""}, "pk": 72}, {"model": "admin.logentry", "fields": {"action_time": "2017-12-21T19:37:26.644Z", "user": 1, "content_type": 7, "object_id": "8", "object_repr": "Alimentos -> Burritos -> Burritos con Agua Fresca", "action_flag": 1, "change_message": ""}, "pk": 73}, {"model": "admin.logentry", "fields": {"action_time": "2017-12-21T19:39:24.162Z", "user": 1, "content_type": 7, "object_id": "8", "object_repr": "Alimentos -> Burritos -> Burritos con Agua Fresca", "action_flag": 3, "change_message": ""}, "pk": 74}, {"model": "admin.logentry", "fields": {"action_time": "2017-12-21T19:42:39.995Z", "user": 1, "content_type": 7, "object_id": "9", "object_repr": "Alimentos -> Burritos -> Burritos con Agua Fresca", "action_flag": 1, "change_message": ""}, "pk": 75}, {"model": "admin.logentry", "fields": {"action_time": "2017-12-21T19:50:07.323Z", "user": 1, "content_type": 8, "object_id": "30", "object_repr": "Burritos/Machaca con papas + Agua Fresca", "action_flag": 1, "change_message": ""}, "pk": 76}, {"model": "admin.logentry", "fields": {"action_time": "2017-12-21T19:50:31.287Z", "user": 1, "content_type": 8, "object_id": "31", "object_repr": "Burritos/Machaca con verdura + Agua Fresca", "action_flag": 1, "change_message": ""}, "pk": 77}, {"model": "admin.logentry", "fields": {"action_time": "2017-12-21T19:51:01.428Z", "user": 1, "content_type": 8, "object_id": "32", "object_repr": "Burritos/Papa con Carnes Frias + Agua Fresca", "action_flag": 1, "change_message": ""}, "pk": 78}, {"model": "admin.logentry", "fields": {"action_time": "2017-12-21T19:51:38.117Z", "user": 1, "content_type": 7, "object_id": "9", "object_repr": "Alimentos -> Burritos -> Burritos + Agua Fresca", "action_flag": 2, "change_message": "Changed name."}, "pk": 79}, {"model": "admin.logentry", "fields": {"action_time": "2017-12-21T19:55:44.920Z", "user": 1, "content_type": 7, "object_id": "6", "object_repr": "Alimentos -> Sandwich de Jam\u00f3n", "action_flag": 2, "change_message": "Changed image."}, "pk": 80}, {"model": "admin.logentry", "fields": {"action_time": "2017-12-21T19:55:59.889Z", "user": 1, "content_type": 7, "object_id": "7", "object_repr": "Alimentos -> Torta de Jam\u00f3n", "action_flag": 2, "change_message": "Changed image."}, "pk": 81}, {"model": "admin.logentry", "fields": {"action_time": "2017-12-21T19:56:20.577Z", "user": 1, "content_type": 7, "object_id": "3", "object_repr": "Alimentos -> Tamales", "action_flag": 2, "change_message": "Changed image."}, "pk": 82}, {"model": "admin.logentry", "fields": {"action_time": "2017-12-21T19:56:35.937Z", "user": 1, "content_type": 7, "object_id": "4", "object_repr": "Alimentos -> Burritos", "action_flag": 2, "change_message": "Changed image."}, "pk": 83}, {"model": "admin.logentry", "fields": {"action_time": "2017-12-21T19:57:06.406Z", "user": 1, "content_type": 8, "object_id": "9", "object_repr": "Tamales/Carne", "action_flag": 2, "change_message": "Changed image."}, "pk": 84}, {"model": "admin.logentry", "fields": {"action_time": "2017-12-21T19:57:15.297Z", "user": 1, "content_type": 8, "object_id": "21", "object_repr": "Tamales/Elote", "action_flag": 2, "change_message": "Changed image."}, "pk": 85}, {"model": "admin.logentry", "fields": {"action_time": "2017-12-21T19:57:37.041Z", "user": 1, "content_type": 7, "object_id": "5", "object_repr": "Bebidas -> Refresco", "action_flag": 2, "change_message": "Changed image."}, "pk": 86}, {"model": "admin.logentry", "fields": {"action_time": "2017-12-21T20:01:33.544Z", "user": 1, "content_type": 8, "object_id": "26", "object_repr": "Refresco/Light", "action_flag": 2, "change_message": "Changed image."}, "pk": 87}, {"model": "admin.logentry", "fields": {"action_time": "2017-12-21T20:01:40.825Z", "user": 1, "content_type": 8, "object_id": "24", "object_repr": "Refresco/Regular", "action_flag": 2, "change_message": "Changed image."}, "pk": 88}, {"model": "admin.logentry", "fields": {"action_time": "2017-12-21T20:01:48.740Z", "user": 1, "content_type": 8, "object_id": "25", "object_repr": "Refresco/Sabor", "action_flag": 2, "change_message": "Changed image."}, "pk": 89}, {"model": "admin.logentry", "fields": {"action_time": "2017-12-21T20:03:14.740Z", "user": 1, "content_type": 8, "object_id": "27", "object_repr": "Refil de Aguas Frescas", "action_flag": 2, "change_message": "Changed image."}, "pk": 90}, {"model": "admin.logentry", "fields": {"action_time": "2017-12-21T20:08:09.805Z", "user": 1, "content_type": 8, "object_id": "8", "object_repr": "Burritos/Machaca con papas", "action_flag": 2, "change_message": "Changed image."}, "pk": 91}, {"model": "admin.logentry", "fields": {"action_time": "2017-12-21T20:08:18.008Z", "user": 1, "content_type": 8, "object_id": "22", "object_repr": "Burritos/Machaca con verdura", "action_flag": 2, "change_message": "Changed image."}, "pk": 92}, {"model": "admin.logentry", "fields": {"action_time": "2017-12-21T20:08:26.432Z", "user": 1, "content_type": 8, "object_id": "23", "object_repr": "Burritos/Papa con Carnes Frias", "action_flag": 2, "change_message": "Changed image."}, "pk": 93}, {"model": "admin.logentry", "fields": {"action_time": "2017-12-21T20:41:38.887Z", "user": 1, "content_type": 8, "object_id": "22", "object_repr": "Burritos/Machaca con verdura", "action_flag": 2, "change_message": "Changed image."}, "pk": 94}, {"model": "admin.logentry", "fields": {"action_time": "2017-12-21T20:41:52.962Z", "user": 1, "content_type": 8, "object_id": "30", "object_repr": "Burritos/Machaca con papas + Agua Fresca", "action_flag": 2, "change_message": "Changed image."}, "pk": 95}, {"model": "admin.logentry", "fields": {"action_time": "2017-12-21T20:42:00.722Z", "user": 1, "content_type": 8, "object_id": "31", "object_repr": "Burritos/Machaca con verdura + Agua Fresca", "action_flag": 2, "change_message": "Changed image."}, "pk": 96}, {"model": "admin.logentry", "fields": {"action_time": "2017-12-21T20:42:09.180Z", "user": 1, "content_type": 8, "object_id": "32", "object_repr": "Burritos/Papa con Carnes Frias + Agua Fresca", "action_flag": 2, "change_message": "Changed image."}, "pk": 97}, {"model": "admin.logentry", "fields": {"action_time": "2017-12-21T20:48:32.114Z", "user": 1, "content_type": 8, "object_id": "28", "object_repr": "Sandwich de Jam\u00f3n + Agua Fresca", "action_flag": 2, "change_message": "Changed image."}, "pk": 98}, {"model": "admin.logentry", "fields": {"action_time": "2017-12-21T20:48:46.894Z", "user": 1, "content_type": 8, "object_id": "29", "object_repr": "Torta de Jam\u00f3n + Agua Fresca", "action_flag": 2, "change_message": "Changed image."}, "pk": 99}, {"model": "admin.logentry", "fields": {"action_time": "2017-12-21T22:12:33.362Z", "user": 1, "content_type": 7, "object_id": "9", "object_repr": "Alimentos -> Burritos -> Burritos + Agua Fresca", "action_flag": 2, "change_message": "Changed image."}, "pk": 100}, {"model": "admin.logentry", "fields": {"action_time": "2017-12-21T23:56:30.873Z", "user": 1, "content_type": 7, "object_id": "10", "object_repr": "Adicionales", "action_flag": 1, "change_message": ""}, "pk": 101}, {"model": "admin.logentry", "fields": {"action_time": "2017-12-21T23:56:53.651Z", "user": 1, "content_type": 7, "object_id": "10", "object_repr": "extras", "action_flag": 2, "change_message": "Changed name."}, "pk": 102}, {"model": "admin.logentry", "fields": {"action_time": "2017-12-21T23:57:10.542Z", "user": 1, "content_type": 7, "object_id": "10", "object_repr": "extras", "action_flag": 2, "change_message": "Changed slug."}, "pk": 103}, {"model": "admin.logentry", "fields": {"action_time": "2017-12-21T23:58:09.016Z", "user": 1, "content_type": 8, "object_id": "33", "object_repr": "Frijoles adicionales", "action_flag": 1, "change_message": ""}, "pk": 104}, {"model": "admin.logentry", "fields": {"action_time": "2017-12-21T23:58:27.543Z", "user": 1, "content_type": 8, "object_id": "34", "object_repr": "Guarnici\u00f3n adicional", "action_flag": 1, "change_message": ""}, "pk": 105}, {"model": "admin.logentry", "fields": {"action_time": "2017-12-21T23:58:45.515Z", "user": 1, "content_type": 8, "object_id": "35", "object_repr": "Tortillas adicionales", "action_flag": 1, "change_message": ""}, "pk": 106}, {"model": "admin.logentry", "fields": {"action_time": "2017-12-22T00:02:45.667Z", "user": 1, "content_type": 7, "object_id": "10", "object_repr": "Extras", "action_flag": 2, "change_message": "Changed name."}, "pk": 107}, {"model": "admin.logentry", "fields": {"action_time": "2017-12-22T00:06:55.121Z", "user": 1, "content_type": 8, "object_id": "33", "object_repr": "Frijoles adicionales", "action_flag": 2, "change_message": "Changed image."}, "pk": 108}, {"model": "admin.logentry", "fields": {"action_time": "2017-12-22T00:07:10.332Z", "user": 1, "content_type": 8, "object_id": "35", "object_repr": "Tortillas adicionales", "action_flag": 2, "change_message": "Changed image."}, "pk": 109}, {"model": "admin.logentry", "fields": {"action_time": "2017-12-22T00:07:43.288Z", "user": 1, "content_type": 8, "object_id": "34", "object_repr": "Guarnici\u00f3n adicional", "action_flag": 2, "change_message": "Changed image."}, "pk": 110}, {"model": "admin.logentry", "fields": {"action_time": "2017-12-22T16:13:09.328Z", "user": 1, "content_type": 9, "object_id": "6", "object_repr": "Order 6", "action_flag": 2, "change_message": "Changed paid."}, "pk": 111}, {"model": "admin.logentry", "fields": {"action_time": "2017-12-22T17:19:16.973Z", "user": 1, "content_type": 8, "object_id": "35", "object_repr": "Tortilla adicional", "action_flag": 2, "change_message": "Changed name."}, "pk": 112}, {"model": "admin.logentry", "fields": {"action_time": "2017-12-26T17:52:10.650Z", "user": 1, "content_type": 9, "object_id": "9", "object_repr": "Order 9", "action_flag": 3, "change_message": ""}, "pk": 113}, {"model": "admin.logentry", "fields": {"action_time": "2017-12-26T17:52:10.657Z", "user": 1, "content_type": 9, "object_id": "7", "object_repr": "Order 7", "action_flag": 3, "change_message": ""}, "pk": 114}, {"model": "admin.logentry", "fields": {"action_time": "2017-12-26T17:52:10.663Z", "user": 1, "content_type": 9, "object_id": "6", "object_repr": "Order 6", "action_flag": 3, "change_message": ""}, "pk": 115}, {"model": "admin.logentry", "fields": {"action_time": "2017-12-26T17:52:10.668Z", "user": 1, "content_type": 9, "object_id": "5", "object_repr": "Order 5", "action_flag": 3, "change_message": ""}, "pk": 116}, {"model": "admin.logentry", "fields": {"action_time": "2017-12-26T17:52:10.673Z", "user": 1, "content_type": 9, "object_id": "4", "object_repr": "Order 4", "action_flag": 3, "change_message": ""}, "pk": 117}, {"model": "admin.logentry", "fields": {"action_time": "2017-12-26T17:52:10.678Z", "user": 1, "content_type": 9, "object_id": "3", "object_repr": "Order 3", "action_flag": 3, "change_message": ""}, "pk": 118}, {"model": "admin.logentry", "fields": {"action_time": "2017-12-26T17:52:10.684Z", "user": 1, "content_type": 9, "object_id": "2", "object_repr": "Order 2", "action_flag": 3, "change_message": ""}, "pk": 119}, {"model": "admin.logentry", "fields": {"action_time": "2017-12-26T17:52:10.689Z", "user": 1, "content_type": 9, "object_id": "1", "object_repr": "Order 1", "action_flag": 3, "change_message": ""}, "pk": 120}, {"model": "admin.logentry", "fields": {"action_time": "2017-12-27T23:42:08.209Z", "user": 1, "content_type": 9, "object_id": "42", "object_repr": "Order 42", "action_flag": 3, "change_message": ""}, "pk": 121}, {"model": "admin.logentry", "fields": {"action_time": "2017-12-27T23:42:08.217Z", "user": 1, "content_type": 9, "object_id": "41", "object_repr": "Order 41", "action_flag": 3, "change_message": ""}, "pk": 122}, {"model": "admin.logentry", "fields": {"action_time": "2017-12-27T23:42:08.225Z", "user": 1, "content_type": 9, "object_id": "40", "object_repr": "Order 40", "action_flag": 3, "change_message": ""}, "pk": 123}, {"model": "admin.logentry", "fields": {"action_time": "2017-12-27T23:42:08.229Z", "user": 1, "content_type": 9, "object_id": "39", "object_repr": "Order 39", "action_flag": 3, "change_message": ""}, "pk": 124}, {"model": "admin.logentry", "fields": {"action_time": "2017-12-27T23:42:08.237Z", "user": 1, "content_type": 9, "object_id": "38", "object_repr": "Order 38", "action_flag": 3, "change_message": ""}, "pk": 125}, {"model": "admin.logentry", "fields": {"action_time": "2017-12-27T23:42:08.241Z", "user": 1, "content_type": 9, "object_id": "37", "object_repr": "Order 37", "action_flag": 3, "change_message": ""}, "pk": 126}, {"model": "admin.logentry", "fields": {"action_time": "2017-12-27T23:42:08.249Z", "user": 1, "content_type": 9, "object_id": "36", "object_repr": "Order 36", "action_flag": 3, "change_message": ""}, "pk": 127}, {"model": "admin.logentry", "fields": {"action_time": "2017-12-27T23:42:08.265Z", "user": 1, "content_type": 9, "object_id": "35", "object_repr": "Order 35", "action_flag": 3, "change_message": ""}, "pk": 128}, {"model": "admin.logentry", "fields": {"action_time": "2017-12-27T23:42:08.273Z", "user": 1, "content_type": 9, "object_id": "34", "object_repr": "Order 34", "action_flag": 3, "change_message": ""}, "pk": 129}, {"model": "admin.logentry", "fields": {"action_time": "2017-12-27T23:42:08.277Z", "user": 1, "content_type": 9, "object_id": "33", "object_repr": "Order 33", "action_flag": 3, "change_message": ""}, "pk": 130}, {"model": "admin.logentry", "fields": {"action_time": "2017-12-27T23:42:08.281Z", "user": 1, "content_type": 9, "object_id": "32", "object_repr": "Order 32", "action_flag": 3, "change_message": ""}, "pk": 131}, {"model": "admin.logentry", "fields": {"action_time": "2017-12-27T23:42:08.289Z", "user": 1, "content_type": 9, "object_id": "31", "object_repr": "Order 31", "action_flag": 3, "change_message": ""}, "pk": 132}, {"model": "admin.logentry", "fields": {"action_time": "2017-12-27T23:42:08.293Z", "user": 1, "content_type": 9, "object_id": "30", "object_repr": "Order 30", "action_flag": 3, "change_message": ""}, "pk": 133}, {"model": "admin.logentry", "fields": {"action_time": "2017-12-27T23:42:08.297Z", "user": 1, "content_type": 9, "object_id": "29", "object_repr": "Order 29", "action_flag": 3, "change_message": ""}, "pk": 134}, {"model": "admin.logentry", "fields": {"action_time": "2017-12-27T23:42:08.301Z", "user": 1, "content_type": 9, "object_id": "28", "object_repr": "Order 28", "action_flag": 3, "change_message": ""}, "pk": 135}, {"model": "admin.logentry", "fields": {"action_time": "2017-12-27T23:42:08.309Z", "user": 1, "content_type": 9, "object_id": "27", "object_repr": "Order 27", "action_flag": 3, "change_message": ""}, "pk": 136}, {"model": "admin.logentry", "fields": {"action_time": "2017-12-27T23:42:08.313Z", "user": 1, "content_type": 9, "object_id": "26", "object_repr": "Order 26", "action_flag": 3, "change_message": ""}, "pk": 137}, {"model": "admin.logentry", "fields": {"action_time": "2017-12-27T23:42:08.317Z", "user": 1, "content_type": 9, "object_id": "25", "object_repr": "Order 25", "action_flag": 3, "change_message": ""}, "pk": 138}, {"model": "admin.logentry", "fields": {"action_time": "2017-12-27T23:42:08.321Z", "user": 1, "content_type": 9, "object_id": "24", "object_repr": "Order 24", "action_flag": 3, "change_message": ""}, "pk": 139}, {"model": "admin.logentry", "fields": {"action_time": "2017-12-27T23:42:08.329Z", "user": 1, "content_type": 9, "object_id": "23", "object_repr": "Order 23", "action_flag": 3, "change_message": ""}, "pk": 140}, {"model": "admin.logentry", "fields": {"action_time": "2017-12-27T23:42:08.333Z", "user": 1, "content_type": 9, "object_id": "22", "object_repr": "Order 22", "action_flag": 3, "change_message": ""}, "pk": 141}, {"model": "admin.logentry", "fields": {"action_time": "2017-12-27T23:42:08.337Z", "user": 1, "content_type": 9, "object_id": "21", "object_repr": "Order 21", "action_flag": 3, "change_message": ""}, "pk": 142}, {"model": "admin.logentry", "fields": {"action_time": "2017-12-27T23:42:08.341Z", "user": 1, "content_type": 9, "object_id": "20", "object_repr": "Order 20", "action_flag": 3, "change_message": ""}, "pk": 143}, {"model": "admin.logentry", "fields": {"action_time": "2017-12-27T23:42:08.349Z", "user": 1, "content_type": 9, "object_id": "19", "object_repr": "Order 19", "action_flag": 3, "change_message": ""}, "pk": 144}, {"model": "admin.logentry", "fields": {"action_time": "2017-12-27T23:42:08.353Z", "user": 1, "content_type": 9, "object_id": "18", "object_repr": "Order 18", "action_flag": 3, "change_message": ""}, "pk": 145}, {"model": "admin.logentry", "fields": {"action_time": "2017-12-27T23:42:08.357Z", "user": 1, "content_type": 9, "object_id": "17", "object_repr": "Order 17", "action_flag": 3, "change_message": ""}, "pk": 146}, {"model": "admin.logentry", "fields": {"action_time": "2017-12-27T23:42:08.365Z", "user": 1, "content_type": 9, "object_id": "16", "object_repr": "Order 16", "action_flag": 3, "change_message": ""}, "pk": 147}, {"model": "admin.logentry", "fields": {"action_time": "2017-12-27T23:42:08.369Z", "user": 1, "content_type": 9, "object_id": "15", "object_repr": "Order 15", "action_flag": 3, "change_message": ""}, "pk": 148}, {"model": "admin.logentry", "fields": {"action_time": "2017-12-27T23:42:08.377Z", "user": 1, "content_type": 9, "object_id": "14", "object_repr": "Order 14", "action_flag": 3, "change_message": ""}, "pk": 149}, {"model": "admin.logentry", "fields": {"action_time": "2017-12-27T23:42:08.381Z", "user": 1, "content_type": 9, "object_id": "13", "object_repr": "Order 13", "action_flag": 3, "change_message": ""}, "pk": 150}, {"model": "admin.logentry", "fields": {"action_time": "2017-12-27T23:42:08.385Z", "user": 1, "content_type": 9, "object_id": "12", "object_repr": "Order 12", "action_flag": 3, "change_message": ""}, "pk": 151}, {"model": "admin.logentry", "fields": {"action_time": "2017-12-27T23:42:08.393Z", "user": 1, "content_type": 9, "object_id": "11", "object_repr": "Order 11", "action_flag": 3, "change_message": ""}, "pk": 152}, {"model": "admin.logentry", "fields": {"action_time": "2017-12-27T23:42:08.397Z", "user": 1, "content_type": 9, "object_id": "10", "object_repr": "Order 10", "action_flag": 3, "change_message": ""}, "pk": 153}, {"model": "admin.logentry", "fields": {"action_time": "2017-12-27T23:42:08.401Z", "user": 1, "content_type": 9, "object_id": "8", "object_repr": "Order 8", "action_flag": 3, "change_message": ""}, "pk": 154}, {"model": "admin.logentry", "fields": {"action_time": "2017-12-28T00:32:35.462Z", "user": 1, "content_type": 9, "object_id": "47", "object_repr": "Order 47", "action_flag": 3, "change_message": ""}, "pk": 155}, {"model": "admin.logentry", "fields": {"action_time": "2017-12-28T00:32:35.469Z", "user": 1, "content_type": 9, "object_id": "46", "object_repr": "Order 46", "action_flag": 3, "change_message": ""}, "pk": 156}, {"model": "admin.logentry", "fields": {"action_time": "2017-12-28T00:32:35.476Z", "user": 1, "content_type": 9, "object_id": "45", "object_repr": "Order 45", "action_flag": 3, "change_message": ""}, "pk": 157}, {"model": "admin.logentry", "fields": {"action_time": "2017-12-28T00:32:35.481Z", "user": 1, "content_type": 9, "object_id": "44", "object_repr": "Order 44", "action_flag": 3, "change_message": ""}, "pk": 158}, {"model": "admin.logentry", "fields": {"action_time": "2017-12-28T00:32:35.486Z", "user": 1, "content_type": 9, "object_id": "43", "object_repr": "Order 43", "action_flag": 3, "change_message": ""}, "pk": 159}]